ID,Date,Train Loss,Train Accuracy,Validation Loss,Validation Accuracy
29044dd2-3aa1-4872-bd4a-7fb7d02b5f1c,2023-12-03_23:31,1.627725601196289,0.48138296604156494,0.6957492232322693,0.4583333432674408
715ae022-39a7-4c4a-8885-1c15c4a49c69,2023-12-04_00:19,1.2617260217666626,0.5128676295280457,0.6929747462272644,0.5390625
715ae022-39a7-4c4a-8885-1c15c4a49c69,2023-12-04_00:19,0.6956658363342285,0.5251225233078003,0.6926122307777405,0.5390625
715ae022-39a7-4c4a-8885-1c15c4a49c69,2023-12-04_00:19,0.6927469968795776,0.5245097875595093,0.6920880675315857,0.5416666865348816
715ae022-39a7-4c4a-8885-1c15c4a49c69,2023-12-04_00:19,0.6927422881126404,0.5245097875595093,0.6921437382698059,0.546875
715ae022-39a7-4c4a-8885-1c15c4a49c69,2023-12-04_00:19,0.6924417018890381,0.5245097875595093,0.6932158470153809,0.546875
715ae022-39a7-4c4a-8885-1c15c4a49c69,2023-12-04_00:19,0.6917354464530945,0.5245097875595093,0.6935680508613586,0.5442708134651184
715ae022-39a7-4c4a-8885-1c15c4a49c69,2023-12-04_00:19,0.6923079490661621,0.5245097875595093,0.6910460591316223,0.5598958134651184
715ae022-39a7-4c4a-8885-1c15c4a49c69,2023-12-04_00:19,0.6929652690887451,0.5220588445663452,0.69695645570755,0.515625
715ae022-39a7-4c4a-8885-1c15c4a49c69,2023-12-04_00:19,0.692114531993866,0.5245097875595093,0.6916017532348633,0.546875
715ae022-39a7-4c4a-8885-1c15c4a49c69,2023-12-04_00:19,0.6922957301139832,0.5245097875595093,0.691380500793457,0.5494791865348816
afa920f0-d847-4308-8e5d-ee242e8d1b61,2023-12-07_00:21,0.9016096591949463,0.529411792755127,0.719440221786499,0.5234375
afa920f0-d847-4308-8e5d-ee242e8d1b61,2023-12-07_00:21,0.6929937601089478,0.530637264251709,0.6938260197639465,0.5260416865348816
afa920f0-d847-4308-8e5d-ee242e8d1b61,2023-12-07_00:21,0.6926084160804749,0.530637264251709,0.6967305541038513,0.515625
afa920f0-d847-4308-8e5d-ee242e8d1b61,2023-12-07_00:21,0.692211925983429,0.530024528503418,0.6957827210426331,0.5208333134651184
afa920f0-d847-4308-8e5d-ee242e8d1b61,2023-12-07_00:21,0.6918587684631348,0.5361519455909729,0.6957696080207825,0.5182291865348816
afa920f0-d847-4308-8e5d-ee242e8d1b61,2023-12-07_00:21,0.6910988092422485,0.5337010025978088,0.6998044848442078,0.5182291865348816
afa920f0-d847-4308-8e5d-ee242e8d1b61,2023-12-07_00:21,0.6911277770996094,0.533088207244873,0.7008529305458069,0.5208333134651184
afa920f0-d847-4308-8e5d-ee242e8d1b61,2023-12-07_00:21,0.6899840235710144,0.5343137383460999,0.7038832306861877,0.5234375
afa920f0-d847-4308-8e5d-ee242e8d1b61,2023-12-07_00:21,0.6921045184135437,0.532475471496582,0.6982204914093018,0.515625
afa920f0-d847-4308-8e5d-ee242e8d1b61,2023-12-07_00:21,0.6903927326202393,0.5343137383460999,0.7022309303283691,0.5234375
bc3f89c9-9017-4006-90f2-55628f6f86f9,2023-12-07_00:38,0.9171316027641296,0.5085784196853638,0.6931719183921814,0.5364583134651184
bc3f89c9-9017-4006-90f2-55628f6f86f9,2023-12-07_00:38,0.6931326389312744,0.530637264251709,0.692479133605957,0.5442708134651184
bc3f89c9-9017-4006-90f2-55628f6f86f9,2023-12-07_00:38,0.6926369071006775,0.5257353186607361,0.6923856735229492,0.53125
bc3f89c9-9017-4006-90f2-55628f6f86f9,2023-12-07_00:38,0.6925329566001892,0.5257353186607361,0.691802978515625,0.5416666865348816
bc3f89c9-9017-4006-90f2-55628f6f86f9,2023-12-07_00:38,0.6923125982284546,0.5263480544090271,0.6917726993560791,0.5390625
bc3f89c9-9017-4006-90f2-55628f6f86f9,2023-12-07_00:38,0.6921862363815308,0.5263480544090271,0.6912394165992737,0.5442708134651184
bc3f89c9-9017-4006-90f2-55628f6f86f9,2023-12-07_00:38,0.6919699907302856,0.5263480544090271,0.6907575726509094,0.546875
bc3f89c9-9017-4006-90f2-55628f6f86f9,2023-12-07_00:38,0.6930880546569824,0.53125,0.6899887919425964,0.5572916865348816
bc3f89c9-9017-4006-90f2-55628f6f86f9,2023-12-07_00:38,0.6962878108024597,0.5245097875595093,0.6902931332588196,0.5494791865348816
bc3f89c9-9017-4006-90f2-55628f6f86f9,2023-12-07_00:38,0.6921181082725525,0.5251225233078003,0.6905432343482971,0.5442708134651184
8476701f-e7e2-42bf-898e-c3efc8b683af,2023-12-07_00:46,1.2049356698989868,0.5085784196853638,0.6928184628486633,0.5416666865348816
8476701f-e7e2-42bf-898e-c3efc8b683af,2023-12-07_00:46,0.6930232048034668,0.5196078419685364,0.6924490928649902,0.5572916865348816
8476701f-e7e2-42bf-898e-c3efc8b683af,2023-12-07_00:46,0.6925500631332397,0.5238970518112183,0.6928563714027405,0.5494791865348816
8476701f-e7e2-42bf-898e-c3efc8b683af,2023-12-07_00:46,0.6920292973518372,0.5238970518112183,0.692238986492157,0.5364583134651184
8476701f-e7e2-42bf-898e-c3efc8b683af,2023-12-07_00:46,0.6935166120529175,0.5238970518112183,0.691511332988739,0.5598958134651184
8476701f-e7e2-42bf-898e-c3efc8b683af,2023-12-07_00:46,0.6924561262130737,0.5238970518112183,0.6912903785705566,0.5546875
8476701f-e7e2-42bf-898e-c3efc8b683af,2023-12-07_00:46,0.6923127174377441,0.5238970518112183,0.6916444301605225,0.5442708134651184
8476701f-e7e2-42bf-898e-c3efc8b683af,2023-12-07_00:46,0.6921687126159668,0.5238970518112183,0.6906922459602356,0.5572916865348816
8476701f-e7e2-42bf-898e-c3efc8b683af,2023-12-07_00:46,0.6923619508743286,0.5238970518112183,0.6916726231575012,0.546875
8476701f-e7e2-42bf-898e-c3efc8b683af,2023-12-07_00:46,0.6921600699424744,0.5220588445663452,0.6916437149047852,0.546875
0eec0cf2-ac60-4b08-b04e-9e95bfdfbcd2,2023-12-07_01:09,1.0609345436096191,0.49632352590560913,0.6930150985717773,0.5338541865348816
0eec0cf2-ac60-4b08-b04e-9e95bfdfbcd2,2023-12-07_01:09,0.6929312944412231,0.5287989974021912,0.6928862929344177,0.5286458134651184
0eec0cf2-ac60-4b08-b04e-9e95bfdfbcd2,2023-12-07_01:09,0.6928830146789551,0.5263480544090271,0.6922375559806824,0.5364583134651184
0eec0cf2-ac60-4b08-b04e-9e95bfdfbcd2,2023-12-07_01:09,0.6926384568214417,0.5287989974021912,0.692441999912262,0.53125
0eec0cf2-ac60-4b08-b04e-9e95bfdfbcd2,2023-12-07_01:09,0.6923698782920837,0.5287989974021912,0.692078173160553,0.5338541865348816
0eec0cf2-ac60-4b08-b04e-9e95bfdfbcd2,2023-12-07_01:09,0.6921794414520264,0.5287989974021912,0.6918761730194092,0.5338541865348816
0eec0cf2-ac60-4b08-b04e-9e95bfdfbcd2,2023-12-07_01:09,0.6920393109321594,0.5287989974021912,0.6909610629081726,0.546875
0eec0cf2-ac60-4b08-b04e-9e95bfdfbcd2,2023-12-07_01:09,0.6919420957565308,0.5287989974021912,0.6912099719047546,0.5390625
0eec0cf2-ac60-4b08-b04e-9e95bfdfbcd2,2023-12-07_01:09,0.6917999386787415,0.5287989974021912,0.6907579898834229,0.5442708134651184
0eec0cf2-ac60-4b08-b04e-9e95bfdfbcd2,2023-12-07_01:09,0.6917516589164734,0.5287989974021912,0.692572832107544,0.5182291865348816
7c7e5c83-6692-4abf-84e0-b97749b45153,2023-12-07_01:24,1.6186655759811401,0.4904336631298065,0.6930699348449707,0.5546875
7c7e5c83-6692-4abf-84e0-b97749b45153,2023-12-07_01:24,0.6930966973304749,0.5237500071525574,0.6928653120994568,0.5494791865348816
7c7e5c83-6692-4abf-84e0-b97749b45153,2023-12-07_01:24,0.6929975748062134,0.5229591727256775,0.6927170157432556,0.5520833134651184
7c7e5c83-6692-4abf-84e0-b97749b45153,2023-12-07_01:24,0.6929064989089966,0.5248724222183228,0.6926319003105164,0.5416666865348816
7c7e5c83-6692-4abf-84e0-b97749b45153,2023-12-07_01:24,0.6928548216819763,0.5216836929321289,0.6921530365943909,0.5625
7c7e5c83-6692-4abf-84e0-b97749b45153,2023-12-07_01:24,0.69263756275177,0.5286989808082581,0.6918897032737732,0.5572916865348816
7c7e5c83-6692-4abf-84e0-b97749b45153,2023-12-07_01:24,0.6925969123840332,0.5255101919174194,0.6919415593147278,0.5442708134651184
7c7e5c83-6692-4abf-84e0-b97749b45153,2023-12-07_01:24,0.6925089955329895,0.5255101919174194,0.6912569999694824,0.5546875
7c7e5c83-6692-4abf-84e0-b97749b45153,2023-12-07_01:24,0.6925944685935974,0.5248724222183228,0.6914363503456116,0.5494791865348816
7c7e5c83-6692-4abf-84e0-b97749b45153,2023-12-07_01:24,0.6922454237937927,0.5280612111091614,0.6912863850593567,0.5494791865348816
8da58238-423e-4ce2-9398-bb92aa723cfa,2023-12-07_01:30,1.2965223789215088,0.48341837525367737,0.6926641464233398,0.4557291567325592
8da58238-423e-4ce2-9398-bb92aa723cfa,2023-12-07_01:30,0.6931483745574951,0.5025510191917419,0.6928873062133789,0.546875
8da58238-423e-4ce2-9398-bb92aa723cfa,2023-12-07_01:30,0.6925492286682129,0.5325255393981934,0.6919715404510498,0.546875
8da58238-423e-4ce2-9398-bb92aa723cfa,2023-12-07_01:30,0.6925984621047974,0.5299744606018066,0.6911070346832275,0.5416666865348816
8da58238-423e-4ce2-9398-bb92aa723cfa,2023-12-07_01:30,0.6920082569122314,0.5286989808082581,0.6934123039245605,0.546875
8da58238-423e-4ce2-9398-bb92aa723cfa,2023-12-07_01:30,0.692871630191803,0.5293750166893005,0.6923782229423523,0.546875
8da58238-423e-4ce2-9398-bb92aa723cfa,2023-12-07_01:30,0.6923972368240356,0.5261479616165161,0.6917566657066345,0.5416666865348816
8da58238-423e-4ce2-9398-bb92aa723cfa,2023-12-07_01:30,0.6918452382087708,0.53125,0.691600501537323,0.5364583134651184
8da58238-423e-4ce2-9398-bb92aa723cfa,2023-12-07_01:30,0.6924717426300049,0.5274234414100647,0.6915165781974792,0.5442708134651184
8da58238-423e-4ce2-9398-bb92aa723cfa,2023-12-07_01:30,0.6923491954803467,0.5299744606018066,0.6918296813964844,0.5494791865348816
434d0a7c-555a-495b-ab05-4fd766c7d034,2023-12-07_01:33,1.146468997001648,0.49872449040412903,0.6903020739555359,0.546875
434d0a7c-555a-495b-ab05-4fd766c7d034,2023-12-07_01:33,0.6993527412414551,0.49234694242477417,0.6897456049919128,0.5442708134651184
434d0a7c-555a-495b-ab05-4fd766c7d034,2023-12-07_01:33,0.692313551902771,0.5184949040412903,0.7039360404014587,0.4583333432674408
434d0a7c-555a-495b-ab05-4fd766c7d034,2023-12-07_01:33,0.6946809887886047,0.49234694242477417,0.6930109858512878,0.5338541865348816
434d0a7c-555a-495b-ab05-4fd766c7d034,2023-12-07_01:33,0.6930733323097229,0.5223214030265808,0.6926661133766174,0.5520833134651184
434d0a7c-555a-495b-ab05-4fd766c7d034,2023-12-07_01:33,0.6928845643997192,0.5242347121238708,0.6926854252815247,0.5338541865348816
434d0a7c-555a-495b-ab05-4fd766c7d034,2023-12-07_01:33,0.6927949786186218,0.5248724222183228,0.6920693516731262,0.5546875
434d0a7c-555a-495b-ab05-4fd766c7d034,2023-12-07_01:33,0.6926295161247253,0.5261479616165161,0.6922351717948914,0.5416666865348816
434d0a7c-555a-495b-ab05-4fd766c7d034,2023-12-07_01:33,0.6926154494285583,0.5235969424247742,0.6919754147529602,0.5442708134651184
434d0a7c-555a-495b-ab05-4fd766c7d034,2023-12-07_01:33,0.6925135850906372,0.5248724222183228,0.6919429302215576,0.5390625
094c923e-974e-4eed-9ba8-0b40f8320fe4,2023-12-07_01:50,1.4014188051223755,0.4950980246067047,0.6923941969871521,0.5364583134651184
ad121696-d36c-4718-bfff-a441be1795b3,2023-12-07_01:54,0.8168073296546936,0.4950980246067047,0.7245399951934814,0.5390625
ad121696-d36c-4718-bfff-a441be1795b3,2023-12-07_01:54,0.7176223397254944,0.500612735748291,0.6934092044830322,0.5364583134651184
ad121696-d36c-4718-bfff-a441be1795b3,2023-12-07_01:54,0.6919426918029785,0.5471813678741455,0.6910009384155273,0.5390625
ad121696-d36c-4718-bfff-a441be1795b3,2023-12-07_01:54,0.6936463117599487,0.5238970518112183,0.6917802691459656,0.53125
ad121696-d36c-4718-bfff-a441be1795b3,2023-12-07_01:54,0.6931236982345581,0.5067402124404907,0.6893112063407898,0.546875
ad121696-d36c-4718-bfff-a441be1795b3,2023-12-07_01:54,0.6926422715187073,0.5263480544090271,0.692073404788971,0.5546875
ad121696-d36c-4718-bfff-a441be1795b3,2023-12-07_01:54,0.6927084922790527,0.5263480544090271,0.6900364756584167,0.5572916865348816
ad121696-d36c-4718-bfff-a441be1795b3,2023-12-07_01:54,0.6919749975204468,0.5263480544090271,0.6891000270843506,0.5520833134651184
ad121696-d36c-4718-bfff-a441be1795b3,2023-12-07_01:54,0.6918119788169861,0.5263480544090271,0.6894198060035706,0.5416666865348816
ad121696-d36c-4718-bfff-a441be1795b3,2023-12-07_01:54,0.6912389397621155,0.5263480544090271,0.6924788951873779,0.5416666865348816
ad121696-d36c-4718-bfff-a441be1795b3,2023-12-07_01:54,0.6926437616348267,0.5263480544090271,0.6918702125549316,0.5494791865348816
ad121696-d36c-4718-bfff-a441be1795b3,2023-12-07_01:54,0.6924654841423035,0.5263480544090271,0.6923091411590576,0.5260416865348816
ad121696-d36c-4718-bfff-a441be1795b3,2023-12-07_01:54,0.6922833323478699,0.5263480544090271,0.6912512183189392,0.546875
ad121696-d36c-4718-bfff-a441be1795b3,2023-12-07_01:54,0.6921683549880981,0.5263480544090271,0.6915695667266846,0.5364583134651184
ad121696-d36c-4718-bfff-a441be1795b3,2023-12-07_01:54,0.6920837759971619,0.5263480544090271,0.6912407279014587,0.5390625
ad121696-d36c-4718-bfff-a441be1795b3,2023-12-07_01:54,0.6919916868209839,0.5263480544090271,0.6912969946861267,0.5364583134651184
ad121696-d36c-4718-bfff-a441be1795b3,2023-12-07_01:54,0.6919606328010559,0.5263480544090271,0.6910282969474792,0.5390625
ad121696-d36c-4718-bfff-a441be1795b3,2023-12-07_01:54,0.6919121742248535,0.5263480544090271,0.6913289427757263,0.5338541865348816
ad121696-d36c-4718-bfff-a441be1795b3,2023-12-07_01:54,0.6918660998344421,0.5263480544090271,0.6908435225486755,0.5390625
ad121696-d36c-4718-bfff-a441be1795b3,2023-12-07_01:54,0.6918545961380005,0.5263480544090271,0.6912026405334473,0.5338541865348816
0a1a4a08-b8e2-41f2-aae3-e6e857f6e731,2023-12-07_01:59,0.8712310194969177,0.501838207244873,0.7023757100105286,0.4505208432674408
0a1a4a08-b8e2-41f2-aae3-e6e857f6e731,2023-12-07_01:59,0.7033734917640686,0.4779411852359772,0.6968567371368408,0.4583333432674408
0a1a4a08-b8e2-41f2-aae3-e6e857f6e731,2023-12-07_01:59,0.6986759305000305,0.4950980246067047,0.6922089457511902,0.5338541865348816
0a1a4a08-b8e2-41f2-aae3-e6e857f6e731,2023-12-07_01:59,0.6935333013534546,0.469362735748291,0.693356990814209,0.4505208432674408
0a1a4a08-b8e2-41f2-aae3-e6e857f6e731,2023-12-07_01:59,0.693352222442627,0.4736519753932953,0.6931752562522888,0.4557291567325592
0a1a4a08-b8e2-41f2-aae3-e6e857f6e731,2023-12-07_01:59,0.6931870579719543,0.5238970518112183,0.6928391456604004,0.5390625
0a1a4a08-b8e2-41f2-aae3-e6e857f6e731,2023-12-07_01:59,0.6931815147399902,0.5263480544090271,0.692963182926178,0.5442708134651184
0a1a4a08-b8e2-41f2-aae3-e6e857f6e731,2023-12-07_01:59,0.6931595802307129,0.5263480544090271,0.692912757396698,0.5520833134651184
0a1a4a08-b8e2-41f2-aae3-e6e857f6e731,2023-12-07_01:59,0.6931704878807068,0.5263480544090271,0.6929659247398376,0.546875
0a1a4a08-b8e2-41f2-aae3-e6e857f6e731,2023-12-07_01:59,0.6931747794151306,0.5263480544090271,0.6929226517677307,0.5442708134651184
0a1a4a08-b8e2-41f2-aae3-e6e857f6e731,2023-12-07_01:59,0.6931787133216858,0.5263480544090271,0.693047821521759,0.5442708134651184
0a1a4a08-b8e2-41f2-aae3-e6e857f6e731,2023-12-07_01:59,0.6931665539741516,0.5263480544090271,0.6929963231086731,0.5494791865348816
0a1a4a08-b8e2-41f2-aae3-e6e857f6e731,2023-12-07_01:59,0.6932202577590942,0.5263480544090271,0.6929013729095459,0.546875
0a1a4a08-b8e2-41f2-aae3-e6e857f6e731,2023-12-07_01:59,0.6931738257408142,0.5263480544090271,0.6931004524230957,0.5442708134651184
0a1a4a08-b8e2-41f2-aae3-e6e857f6e731,2023-12-07_01:59,0.6932199001312256,0.5263480544090271,0.6929226517677307,0.546875
0a1a4a08-b8e2-41f2-aae3-e6e857f6e731,2023-12-07_01:59,0.6931667923927307,0.5263480544090271,0.6930941939353943,0.5416666865348816
0a1a4a08-b8e2-41f2-aae3-e6e857f6e731,2023-12-07_01:59,0.6931750178337097,0.501838207244873,0.6930570006370544,0.5338541865348816
0a1a4a08-b8e2-41f2-aae3-e6e857f6e731,2023-12-07_01:59,0.6932077407836914,0.47610294818878174,0.6932494044303894,0.4479166567325592
0a1a4a08-b8e2-41f2-aae3-e6e857f6e731,2023-12-07_01:59,0.6931577920913696,0.4699755012989044,0.6931459307670593,0.5416666865348816
0a1a4a08-b8e2-41f2-aae3-e6e857f6e731,2023-12-07_01:59,0.6931694149971008,0.5067402124404907,0.6930459141731262,0.546875
9e9459b9-6f1b-4e4c-a355-d07a22f6147c,2023-12-07_19:12,0.7708779573440552,0.4375,0.7874656915664673,0.34375
9e9459b9-6f1b-4e4c-a355-d07a22f6147c,2023-12-07_19:12,0.676109790802002,0.59375,0.701192319393158,0.53125
9e9459b9-6f1b-4e4c-a355-d07a22f6147c,2023-12-07_19:12,0.710412323474884,0.5,0.6663250923156738,0.59375
9e9459b9-6f1b-4e4c-a355-d07a22f6147c,2023-12-07_19:12,0.7027220726013184,0.53125,0.7230920791625977,0.4375
9e9459b9-6f1b-4e4c-a355-d07a22f6147c,2023-12-07_19:12,0.7508312463760376,0.40625,0.7266378402709961,0.40625
9e9459b9-6f1b-4e4c-a355-d07a22f6147c,2023-12-07_19:12,0.6725730895996094,0.59375,0.7074106335639954,0.4375
9e9459b9-6f1b-4e4c-a355-d07a22f6147c,2023-12-07_19:12,0.7028676271438599,0.5625,0.6767809987068176,0.53125
9e9459b9-6f1b-4e4c-a355-d07a22f6147c,2023-12-07_19:12,0.7664955854415894,0.46875,0.6728307008743286,0.53125
9e9459b9-6f1b-4e4c-a355-d07a22f6147c,2023-12-07_19:12,0.7732422351837158,0.53125,0.7624529600143433,0.40625
9e9459b9-6f1b-4e4c-a355-d07a22f6147c,2023-12-07_19:12,0.6700157523155212,0.59375,0.6633471250534058,0.59375
48ef1878-290a-4bdb-9477-50bd4efa2bfa,2023-12-07_19:12,1.0558905601501465,0.49142158031463623,0.6931421756744385,0.484375
89363731-743c-4907-ac89-97b365d85ecc,2023-12-07_19:16,2.551168918609619,0.5214460492134094,0.6941384673118591,0.4453125
89363731-743c-4907-ac89-97b365d85ecc,2023-12-07_19:16,0.6961910128593445,0.5140931606292725,0.70528644323349,0.4869791567325592
89363731-743c-4907-ac89-97b365d85ecc,2023-12-07_19:16,0.6951075792312622,0.5177696347236633,0.6965587735176086,0.4791666567325592
89363731-743c-4907-ac89-97b365d85ecc,2023-12-07_19:16,0.691394031047821,0.5361519455909729,0.7028794288635254,0.5
89363731-743c-4907-ac89-97b365d85ecc,2023-12-07_19:16,0.6911466717720032,0.5404411554336548,0.6934956908226013,0.484375
89363731-743c-4907-ac89-97b365d85ecc,2023-12-07_19:16,0.6918022036552429,0.5404411554336548,0.6948997974395752,0.484375
89363731-743c-4907-ac89-97b365d85ecc,2023-12-07_19:16,0.6912465691566467,0.5404411554336548,0.694050133228302,0.4921875
89363731-743c-4907-ac89-97b365d85ecc,2023-12-07_19:16,0.69098961353302,0.5404411554336548,0.6991561055183411,0.4765625
89363731-743c-4907-ac89-97b365d85ecc,2023-12-07_19:16,0.6907724142074585,0.5404411554336548,0.6971665024757385,0.4869791567325592
89363731-743c-4907-ac89-97b365d85ecc,2023-12-07_19:16,0.6906114220619202,0.5367646813392639,0.6948227286338806,0.484375
89363731-743c-4907-ac89-97b365d85ecc,2023-12-07_19:16,0.6908630132675171,0.5404411554336548,0.6944813132286072,0.4817708432674408
89363731-743c-4907-ac89-97b365d85ecc,2023-12-07_19:16,0.6906635165214539,0.5404411554336548,0.6974865794181824,0.4869791567325592
89363731-743c-4907-ac89-97b365d85ecc,2023-12-07_19:16,0.6893962621688843,0.5379902124404907,0.6967566013336182,0.4817708432674408
89363731-743c-4907-ac89-97b365d85ecc,2023-12-07_19:16,0.6905995607376099,0.5404411554336548,0.6967433094978333,0.4791666567325592
89363731-743c-4907-ac89-97b365d85ecc,2023-12-07_19:16,0.690529465675354,0.5404411554336548,0.6955039501190186,0.4947916567325592
89363731-743c-4907-ac89-97b365d85ecc,2023-12-07_19:16,0.6902467608451843,0.5404411554336548,0.6966928839683533,0.4921875
89363731-743c-4907-ac89-97b365d85ecc,2023-12-07_19:16,0.6904359459877014,0.5404411554336548,0.697058379650116,0.484375
89363731-743c-4907-ac89-97b365d85ecc,2023-12-07_19:16,0.690171480178833,0.5404411554336548,0.6973751187324524,0.484375
89363731-743c-4907-ac89-97b365d85ecc,2023-12-07_19:16,0.6900858283042908,0.5404411554336548,0.6967139840126038,0.4947916567325592
89363731-743c-4907-ac89-97b365d85ecc,2023-12-07_19:16,0.6899793148040771,0.5404411554336548,0.6986070275306702,0.4791666567325592
e3e1c916-3f47-4b07-98ee-4482ff562eee,2023-12-07_19:49,0.6829791069030762,0.5625,0.7229273319244385,0.46875
e3e1c916-3f47-4b07-98ee-4482ff562eee,2023-12-07_19:49,0.707480251789093,0.53125,0.7310906648635864,0.4375
e3e1c916-3f47-4b07-98ee-4482ff562eee,2023-12-07_19:49,0.6966046094894409,0.46875,0.7104306221008301,0.5
e3e1c916-3f47-4b07-98ee-4482ff562eee,2023-12-07_19:49,0.6729891896247864,0.59375,0.746917724609375,0.4375
e3e1c916-3f47-4b07-98ee-4482ff562eee,2023-12-07_19:49,0.6956257820129395,0.5625,0.7561970949172974,0.5
e3e1c916-3f47-4b07-98ee-4482ff562eee,2023-12-07_19:49,0.7242679595947266,0.40625,0.7150470018386841,0.53125
e3e1c916-3f47-4b07-98ee-4482ff562eee,2023-12-07_19:49,0.6554524898529053,0.6875,0.7182158827781677,0.40625
e3e1c916-3f47-4b07-98ee-4482ff562eee,2023-12-07_19:49,0.7134244441986084,0.53125,0.6957148313522339,0.5
e3e1c916-3f47-4b07-98ee-4482ff562eee,2023-12-07_19:49,0.7225772142410278,0.46875,0.7191486954689026,0.40625
e3e1c916-3f47-4b07-98ee-4482ff562eee,2023-12-07_19:49,0.6583832502365112,0.5625,0.7522926330566406,0.4375
f2d6ce63-59a3-4356-82bb-7a7b53d2e6c6,2023-12-07_21:00,0.7167510986328125,0.5539215803146362,0.6972920298576355,0.5550122261047363
f2d6ce63-59a3-4356-82bb-7a7b53d2e6c6,2023-12-07_21:00,0.6990259885787964,0.5821078419685364,0.686197817325592,0.5745721459388733
f2d6ce63-59a3-4356-82bb-7a7b53d2e6c6,2023-12-07_21:00,0.6888098120689392,0.5906862616539001,0.6985304355621338,0.5892420411109924
f2d6ce63-59a3-4356-82bb-7a7b53d2e6c6,2023-12-07_21:00,0.6726623773574829,0.6139705777168274,0.6985861659049988,0.5990220308303833
f2d6ce63-59a3-4356-82bb-7a7b53d2e6c6,2023-12-07_21:00,0.6939141750335693,0.6041666865348816,0.7334049344062805,0.5427873134613037
f2d6ce63-59a3-4356-82bb-7a7b53d2e6c6,2023-12-07_21:00,0.6654425263404846,0.626838207244873,0.717827558517456,0.5770171284675598
f2d6ce63-59a3-4356-82bb-7a7b53d2e6c6,2023-12-07_21:00,0.6769779920578003,0.625612735748291,1.007332682609558,0.4914425313472748
f2d6ce63-59a3-4356-82bb-7a7b53d2e6c6,2023-12-07_21:00,0.6594313979148865,0.6390931606292725,0.7079456448554993,0.5525672435760498
f2d6ce63-59a3-4356-82bb-7a7b53d2e6c6,2023-12-07_21:00,0.658191442489624,0.6495097875595093,0.6935691237449646,0.5770171284675598
f2d6ce63-59a3-4356-82bb-7a7b53d2e6c6,2023-12-07_21:00,0.6490824222564697,0.6433823704719543,0.7138010859489441,0.5647921562194824
1f962e57-bcb3-4fe8-8a22-55633480c951,2023-12-07_21:37,0.737569272518158,0.5128676295280457,0.7664842009544373,0.5330073237419128
1f962e57-bcb3-4fe8-8a22-55633480c951,2023-12-07_21:37,0.6985337734222412,0.593137264251709,0.691362202167511,0.5843520760536194
1f962e57-bcb3-4fe8-8a22-55633480c951,2023-12-07_21:37,0.6849702000617981,0.5894607901573181,0.6957980990409851,0.5501222610473633
1f962e57-bcb3-4fe8-8a22-55633480c951,2023-12-07_21:37,0.6691080927848816,0.6225489974021912,0.7208130359649658,0.5721271634101868
1f962e57-bcb3-4fe8-8a22-55633480c951,2023-12-07_21:37,0.668688178062439,0.6200980544090271,0.7167069911956787,0.5770171284675598
1f962e57-bcb3-4fe8-8a22-55633480c951,2023-12-07_21:37,0.6709272265434265,0.6188725233078003,0.7167439460754395,0.5574572086334229
1f962e57-bcb3-4fe8-8a22-55633480c951,2023-12-07_21:37,0.6564348340034485,0.6397058963775635,0.7344988584518433,0.5696821808815002
1f962e57-bcb3-4fe8-8a22-55633480c951,2023-12-07_21:37,0.6455823183059692,0.6415441036224365,0.7067807912826538,0.591687023639679
1f962e57-bcb3-4fe8-8a22-55633480c951,2023-12-07_21:37,0.6543787717819214,0.625,0.7535963654518127,0.5647921562194824
1f962e57-bcb3-4fe8-8a22-55633480c951,2023-12-07_21:37,0.6472792029380798,0.6274510025978088,0.7085738182067871,0.5867970585823059
e141cb7e-c8b6-43bc-835f-3498830c8666,2023-12-07_22:05,0.7686750292778015,0.46875,0.691306471824646,0.53125
e141cb7e-c8b6-43bc-835f-3498830c8666,2023-12-07_22:05,0.6955183148384094,0.5625,0.7121357917785645,0.46875
e141cb7e-c8b6-43bc-835f-3498830c8666,2023-12-07_22:05,0.7203197479248047,0.390625,0.686776340007782,0.5625
e141cb7e-c8b6-43bc-835f-3498830c8666,2023-12-07_22:05,0.6841460466384888,0.5625,0.7014297246932983,0.53125
e141cb7e-c8b6-43bc-835f-3498830c8666,2023-12-07_22:05,0.7032831907272339,0.5,0.6884037256240845,0.546875
e141cb7e-c8b6-43bc-835f-3498830c8666,2023-12-07_22:05,0.723778247833252,0.5625,0.7507703304290771,0.4375
e141cb7e-c8b6-43bc-835f-3498830c8666,2023-12-07_22:05,0.6697289943695068,0.59375,0.7239293456077576,0.453125
e141cb7e-c8b6-43bc-835f-3498830c8666,2023-12-07_22:05,0.740832507610321,0.4375,0.7122975587844849,0.5625
e141cb7e-c8b6-43bc-835f-3498830c8666,2023-12-07_22:05,0.6832473278045654,0.5625,0.7024903297424316,0.46875
e141cb7e-c8b6-43bc-835f-3498830c8666,2023-12-07_22:05,0.707440197467804,0.453125,0.6986775398254395,0.5
2a7fba64-1c56-496e-9ddd-ba9efd7416ae,2023-12-07_22:11,0.718326210975647,0.5550996661186218,0.6933722496032715,0.5269320607185364
2a7fba64-1c56-496e-9ddd-ba9efd7416ae,2023-12-07_22:11,0.6986991763114929,0.5621336698532104,0.6584360003471375,0.6042154431343079
2a7fba64-1c56-496e-9ddd-ba9efd7416ae,2023-12-07_22:11,0.687201976776123,0.603165328502655,0.6997719407081604,0.6135831475257874
2a7fba64-1c56-496e-9ddd-ba9efd7416ae,2023-12-07_22:11,0.6827898621559143,0.6084408164024353,0.7449922561645508,0.578454315662384
2a7fba64-1c56-496e-9ddd-ba9efd7416ae,2023-12-07_22:11,0.6780170202255249,0.6078546047210693,0.6924073100090027,0.6042154431343079
2a7fba64-1c56-496e-9ddd-ba9efd7416ae,2023-12-07_22:11,0.6717768311500549,0.6207503080368042,0.679096519947052,0.6346604228019714
2a7fba64-1c56-496e-9ddd-ba9efd7416ae,2023-12-07_22:11,0.6729741096496582,0.6266119480133057,0.6906918883323669,0.6065573692321777
2a7fba64-1c56-496e-9ddd-ba9efd7416ae,2023-12-07_22:11,0.6648827791213989,0.6219226121902466,0.8908799290657043,0.5292739868164062
2a7fba64-1c56-496e-9ddd-ba9efd7416ae,2023-12-07_22:11,0.6546159982681274,0.6406799554824829,0.7251668572425842,0.6088992953300476
2a7fba64-1c56-496e-9ddd-ba9efd7416ae,2023-12-07_22:11,0.6674817800521851,0.6260257959365845,0.7470107078552246,0.601873517036438
c3ef9849-9e7e-47d9-9dda-d5b5e4e107b8,2023-12-08_00:02,0.6670359969139099,0.6275510191917419,0.6013257503509521,0.6425926089286804
c3ef9849-9e7e-47d9-9dda-d5b5e4e107b8,2023-12-08_00:02,0.6258878111839294,0.6651206016540527,0.6214364171028137,0.6370370388031006
c3ef9849-9e7e-47d9-9dda-d5b5e4e107b8,2023-12-08_00:02,0.629363477230072,0.6725417375564575,0.6361106038093567,0.6925926208496094
c3ef9849-9e7e-47d9-9dda-d5b5e4e107b8,2023-12-08_00:02,0.6072794795036316,0.6827458143234253,0.6146016716957092,0.6814814805984497
c3ef9849-9e7e-47d9-9dda-d5b5e4e107b8,2023-12-08_00:02,0.6093475222587585,0.6804267168045044,0.5784422159194946,0.6796296238899231
c3ef9849-9e7e-47d9-9dda-d5b5e4e107b8,2023-12-08_00:02,0.5796498656272888,0.698051929473877,0.5978553295135498,0.6796296238899231
c3ef9849-9e7e-47d9-9dda-d5b5e4e107b8,2023-12-08_00:02,0.5930402874946594,0.6910946369171143,0.6135324835777283,0.6944444179534912
c3ef9849-9e7e-47d9-9dda-d5b5e4e107b8,2023-12-08_00:02,0.5716811418533325,0.7017624974250793,0.6059228777885437,0.6555555462837219
c3ef9849-9e7e-47d9-9dda-d5b5e4e107b8,2023-12-08_00:02,0.600079357624054,0.6892393231391907,0.581689178943634,0.6759259104728699
c3ef9849-9e7e-47d9-9dda-d5b5e4e107b8,2023-12-08_00:02,0.5735204219818115,0.6966604590415955,0.5907195210456848,0.6740740537643433
97a90d16-5e6e-42fd-8b2e-2fe9bb1e153b,2023-12-08_00:55,0.6678197979927063,0.6298701167106628,0.603204071521759,0.6537036895751953
97a90d16-5e6e-42fd-8b2e-2fe9bb1e153b,2023-12-08_00:55,0.6279898881912231,0.6553803086280823,0.5569133758544922,0.6666666865348816
97a90d16-5e6e-42fd-8b2e-2fe9bb1e153b,2023-12-08_00:55,0.6240895390510559,0.6628015041351318,0.5792279243469238,0.6592592597007751
97a90d16-5e6e-42fd-8b2e-2fe9bb1e153b,2023-12-08_00:55,0.6114698052406311,0.6762523055076599,0.5650867819786072,0.6944444179534912
97a90d16-5e6e-42fd-8b2e-2fe9bb1e153b,2023-12-08_00:55,0.5890059471130371,0.6827458143234253,0.6109645366668701,0.6537036895751953
97a90d16-5e6e-42fd-8b2e-2fe9bb1e153b,2023-12-08_00:55,0.6098555326461792,0.6929498910903931,0.5922689437866211,0.6870370507240295
97a90d16-5e6e-42fd-8b2e-2fe9bb1e153b,2023-12-08_00:55,0.5844637751579285,0.6989796161651611,0.5621465444564819,0.6851851940155029
97a90d16-5e6e-42fd-8b2e-2fe9bb1e153b,2023-12-08_00:55,0.6172518730163574,0.6790352463722229,0.5665274262428284,0.6888889074325562
97a90d16-5e6e-42fd-8b2e-2fe9bb1e153b,2023-12-08_00:55,0.5869508385658264,0.7008348703384399,0.5684600472450256,0.6962962746620178
97a90d16-5e6e-42fd-8b2e-2fe9bb1e153b,2023-12-08_00:55,0.5947524905204773,0.6915584206581116,0.5491476058959961,0.7111111283302307
97a90d16-5e6e-42fd-8b2e-2fe9bb1e153b,2023-12-08_00:55,0.5695410966873169,0.7170686721801758,0.6198777556419373,0.6851851940155029
97a90d16-5e6e-42fd-8b2e-2fe9bb1e153b,2023-12-08_00:55,0.5871244072914124,0.7008348703384399,0.5574448108673096,0.6851851940155029
97a90d16-5e6e-42fd-8b2e-2fe9bb1e153b,2023-12-08_00:55,0.5785897970199585,0.6966604590415955,0.543554425239563,0.6944444179534912
97a90d16-5e6e-42fd-8b2e-2fe9bb1e153b,2023-12-08_00:55,0.5815597176551819,0.704081654548645,0.5808398723602295,0.6851851940155029
97a90d16-5e6e-42fd-8b2e-2fe9bb1e153b,2023-12-08_00:55,0.5635387301445007,0.7082560062408447,0.6556919813156128,0.6722221970558167
97a90d16-5e6e-42fd-8b2e-2fe9bb1e153b,2023-12-08_00:55,0.5700211524963379,0.7161409854888916,0.651030957698822,0.699999988079071
97a90d16-5e6e-42fd-8b2e-2fe9bb1e153b,2023-12-08_00:55,0.58668053150177,0.7203153967857361,0.572417676448822,0.6925926208496094
97a90d16-5e6e-42fd-8b2e-2fe9bb1e153b,2023-12-08_00:55,0.5903550386428833,0.7091836929321289,0.6068403124809265,0.6555555462837219
97a90d16-5e6e-42fd-8b2e-2fe9bb1e153b,2023-12-08_00:55,0.5723034143447876,0.7026901841163635,0.6855558753013611,0.6740740537643433
97a90d16-5e6e-42fd-8b2e-2fe9bb1e153b,2023-12-08_00:55,0.5746813416481018,0.7133580446243286,0.6022443175315857,0.6611111164093018
ea76f4e5-9e04-4cac-ab05-925b29133854,2023-12-08_01:09,0.9164790511131287,0.515625,0.9151106476783752,0.53125
ea76f4e5-9e04-4cac-ab05-925b29133854,2023-12-08_01:09,0.7043835520744324,0.640625,0.742534875869751,0.65625
ea76f4e5-9e04-4cac-ab05-925b29133854,2023-12-08_01:09,0.6642305254936218,0.609375,0.7302910089492798,0.5625
ea76f4e5-9e04-4cac-ab05-925b29133854,2023-12-08_01:09,0.8208518028259277,0.65625,0.514435887336731,0.71875
ea76f4e5-9e04-4cac-ab05-925b29133854,2023-12-08_01:09,0.8230167031288147,0.546875,0.9517696499824524,0.65625
ea76f4e5-9e04-4cac-ab05-925b29133854,2023-12-08_01:09,0.7410270571708679,0.71875,0.9885919094085693,0.65625
ea76f4e5-9e04-4cac-ab05-925b29133854,2023-12-08_01:09,0.6657876372337341,0.6136363744735718,1.3692948818206787,0.65625
ea76f4e5-9e04-4cac-ab05-925b29133854,2023-12-08_01:09,0.6632835865020752,0.5625,1.3924165964126587,0.59375
ea76f4e5-9e04-4cac-ab05-925b29133854,2023-12-08_01:09,0.5451655387878418,0.625,1.266735553741455,0.625
ea76f4e5-9e04-4cac-ab05-925b29133854,2023-12-08_01:09,0.504980742931366,0.71875,0.7314212322235107,0.8125
ea76f4e5-9e04-4cac-ab05-925b29133854,2023-12-08_01:09,0.475554496049881,0.765625,1.1959855556488037,0.625
ea76f4e5-9e04-4cac-ab05-925b29133854,2023-12-08_01:09,0.6211957335472107,0.65625,1.0824123620986938,0.625
ea76f4e5-9e04-4cac-ab05-925b29133854,2023-12-08_01:09,0.5203762054443359,0.6875,0.6716588735580444,0.625
ea76f4e5-9e04-4cac-ab05-925b29133854,2023-12-08_01:09,0.5390483140945435,0.671875,0.4717608094215393,0.78125
ea76f4e5-9e04-4cac-ab05-925b29133854,2023-12-08_01:09,0.5694708824157715,0.75,0.5896260142326355,0.65625
ea76f4e5-9e04-4cac-ab05-925b29133854,2023-12-08_01:09,0.6526995301246643,0.53125,0.6798583269119263,0.625
ea76f4e5-9e04-4cac-ab05-925b29133854,2023-12-08_01:09,0.5428627133369446,0.640625,0.8341027498245239,0.6875
ea76f4e5-9e04-4cac-ab05-925b29133854,2023-12-08_01:09,0.5673682689666748,0.609375,1.371599793434143,0.65625
ea76f4e5-9e04-4cac-ab05-925b29133854,2023-12-08_01:09,0.5238856077194214,0.6875,2.456298589706421,0.5625
ea76f4e5-9e04-4cac-ab05-925b29133854,2023-12-08_01:09,0.5732635855674744,0.71875,2.5158920288085938,0.625
36db1b5b-87d6-493a-9b09-a8029b8e040f,2023-12-08_02:41,0.6373790502548218,0.6479591727256775,0.698317289352417,0.6518518328666687
36db1b5b-87d6-493a-9b09-a8029b8e040f,2023-12-08_02:41,0.6294192671775818,0.6632652878761292,0.5442420840263367,0.6666666865348816
36db1b5b-87d6-493a-9b09-a8029b8e040f,2023-12-08_02:41,0.6051769256591797,0.6799628734588623,0.8249306678771973,0.6296296119689941
36db1b5b-87d6-493a-9b09-a8029b8e040f,2023-12-08_02:41,0.6152157783508301,0.6706864833831787,0.5504855513572693,0.6777777671813965
36db1b5b-87d6-493a-9b09-a8029b8e040f,2023-12-08_02:41,0.6134561896324158,0.6818181872367859,0.6180458068847656,0.635185182094574
36db1b5b-87d6-493a-9b09-a8029b8e040f,2023-12-08_02:41,0.5900601744651794,0.6934137344360352,0.6184611916542053,0.6407407522201538
36db1b5b-87d6-493a-9b09-a8029b8e040f,2023-12-08_02:41,0.5925540328025818,0.6887755393981934,0.6914367079734802,0.6407407522201538
36db1b5b-87d6-493a-9b09-a8029b8e040f,2023-12-08_02:41,0.5988990068435669,0.6818181872367859,0.6106885075569153,0.6851851940155029
36db1b5b-87d6-493a-9b09-a8029b8e040f,2023-12-08_02:41,0.5898826718330383,0.6910946369171143,0.6093654036521912,0.6796296238899231
36db1b5b-87d6-493a-9b09-a8029b8e040f,2023-12-08_02:41,0.5977150201797485,0.6883116960525513,0.5616705417633057,0.6907407641410828
36db1b5b-87d6-493a-9b09-a8029b8e040f,2023-12-08_02:41,0.600307047367096,0.6975881457328796,0.5996062755584717,0.6462963223457336
36db1b5b-87d6-493a-9b09-a8029b8e040f,2023-12-08_02:41,0.5875098705291748,0.704081654548645,0.6843289136886597,0.6722221970558167
36db1b5b-87d6-493a-9b09-a8029b8e040f,2023-12-08_02:41,0.5586433410644531,0.7244898080825806,0.6669148802757263,0.6759259104728699
36db1b5b-87d6-493a-9b09-a8029b8e040f,2023-12-08_02:41,0.5620266199111938,0.7152133584022522,0.6186654567718506,0.6629629731178284
36db1b5b-87d6-493a-9b09-a8029b8e040f,2023-12-08_02:41,0.5969344973564148,0.6910946369171143,0.5714861154556274,0.6796296238899231
36db1b5b-87d6-493a-9b09-a8029b8e040f,2023-12-08_02:41,0.5740373134613037,0.7082560062408447,0.6375916600227356,0.6388888955116272
36db1b5b-87d6-493a-9b09-a8029b8e040f,2023-12-08_02:41,0.5309883952140808,0.7356215119361877,0.65562903881073,0.6407407522201538
36db1b5b-87d6-493a-9b09-a8029b8e040f,2023-12-08_02:41,0.5847054719924927,0.7036178112030029,0.6238364577293396,0.6833333373069763
36db1b5b-87d6-493a-9b09-a8029b8e040f,2023-12-08_02:41,0.5815339684486389,0.7045454382896423,0.8999283909797668,0.6314814686775208
36db1b5b-87d6-493a-9b09-a8029b8e040f,2023-12-08_02:41,0.5832571983337402,0.719851553440094,0.6398625373840332,0.6611111164093018
36db1b5b-87d6-493a-9b09-a8029b8e040f,2023-12-08_02:41,0.5863293409347534,0.7193877696990967,0.7067747116088867,0.6333333253860474
36db1b5b-87d6-493a-9b09-a8029b8e040f,2023-12-08_02:41,0.6032980680465698,0.6994433999061584,0.6640848517417908,0.6796296238899231
36db1b5b-87d6-493a-9b09-a8029b8e040f,2023-12-08_02:41,0.5443128347396851,0.722634494304657,0.6605510711669922,0.6722221970558167
36db1b5b-87d6-493a-9b09-a8029b8e040f,2023-12-08_02:41,0.5662744641304016,0.7193877696990967,0.6370951533317566,0.664814829826355
36db1b5b-87d6-493a-9b09-a8029b8e040f,2023-12-08_02:41,0.559691846370697,0.7179962992668152,0.6807833313941956,0.6611111164093018
36db1b5b-87d6-493a-9b09-a8029b8e040f,2023-12-08_02:41,0.5492656826972961,0.7300556302070618,0.6749734282493591,0.664814829826355
36db1b5b-87d6-493a-9b09-a8029b8e040f,2023-12-08_02:41,0.5484347343444824,0.7268089056015015,0.8669443726539612,0.6296296119689941
36db1b5b-87d6-493a-9b09-a8029b8e040f,2023-12-08_02:41,0.5409185290336609,0.7365491390228271,0.6515879034996033,0.6574074029922485
36db1b5b-87d6-493a-9b09-a8029b8e040f,2023-12-08_02:41,0.5986775159835815,0.7166048288345337,0.6185839176177979,0.6796296238899231
36db1b5b-87d6-493a-9b09-a8029b8e040f,2023-12-08_02:41,0.5634579062461853,0.7277365326881409,0.6212999224662781,0.6629629731178284
36db1b5b-87d6-493a-9b09-a8029b8e040f,2023-12-08_02:41,0.5461768507957458,0.7203153967857361,0.6243019104003906,0.6777777671813965
36db1b5b-87d6-493a-9b09-a8029b8e040f,2023-12-08_02:41,0.5928096771240234,0.7235621809959412,0.6053773164749146,0.6685185432434082
36db1b5b-87d6-493a-9b09-a8029b8e040f,2023-12-08_02:41,0.5746089816093445,0.7203153967857361,0.739452064037323,0.6388888955116272
36db1b5b-87d6-493a-9b09-a8029b8e040f,2023-12-08_02:41,0.5620445609092712,0.728664219379425,0.6786614656448364,0.6518518328666687
36db1b5b-87d6-493a-9b09-a8029b8e040f,2023-12-08_02:41,0.5612175464630127,0.7249535918235779,0.8094250559806824,0.6518518328666687
36db1b5b-87d6-493a-9b09-a8029b8e040f,2023-12-08_02:41,0.5545706152915955,0.7351577281951904,0.7796639204025269,0.6666666865348816
36db1b5b-87d6-493a-9b09-a8029b8e040f,2023-12-08_02:41,0.5719343423843384,0.7193877696990967,1.0682038068771362,0.6407407522201538
36db1b5b-87d6-493a-9b09-a8029b8e040f,2023-12-08_02:41,0.5612455010414124,0.7249535918235779,0.6849810481071472,0.6703703999519348
36db1b5b-87d6-493a-9b09-a8029b8e040f,2023-12-08_02:41,0.5513938665390015,0.7360853552818298,0.6968597173690796,0.6685185432434082
36db1b5b-87d6-493a-9b09-a8029b8e040f,2023-12-08_02:41,0.5666546821594238,0.7272727489471436,0.6720728874206543,0.635185182094574
36db1b5b-87d6-493a-9b09-a8029b8e040f,2023-12-08_02:41,0.5481932759284973,0.7379406094551086,0.697524905204773,0.6833333373069763
36db1b5b-87d6-493a-9b09-a8029b8e040f,2023-12-08_02:41,0.59304279088974,0.7161409854888916,0.679124653339386,0.6629629731178284
36db1b5b-87d6-493a-9b09-a8029b8e040f,2023-12-08_02:41,0.5738260746002197,0.7193877696990967,0.832317054271698,0.6518518328666687
36db1b5b-87d6-493a-9b09-a8029b8e040f,2023-12-08_02:41,0.5554062724113464,0.7430426478385925,0.6177314519882202,0.6722221970558167
36db1b5b-87d6-493a-9b09-a8029b8e040f,2023-12-08_02:41,0.5591499209403992,0.7337662577629089,0.6790196895599365,0.6555555462837219
36db1b5b-87d6-493a-9b09-a8029b8e040f,2023-12-08_02:41,0.5694116353988647,0.7212430238723755,0.6249896883964539,0.6777777671813965
36db1b5b-87d6-493a-9b09-a8029b8e040f,2023-12-08_02:41,0.5293099284172058,0.7314471006393433,0.7335786819458008,0.6907407641410828
36db1b5b-87d6-493a-9b09-a8029b8e040f,2023-12-08_02:41,0.547851026058197,0.7402597665786743,0.6740767955780029,0.6666666865348816
36db1b5b-87d6-493a-9b09-a8029b8e040f,2023-12-08_02:41,0.5721690654754639,0.728200376033783,0.6527959108352661,0.6944444179534912
36db1b5b-87d6-493a-9b09-a8029b8e040f,2023-12-08_02:41,0.5325097441673279,0.7356215119361877,0.6917264461517334,0.6796296238899231
36db1b5b-87d6-493a-9b09-a8029b8e040f,2023-12-08_02:41,0.566594123840332,0.7263450622558594,0.6848732829093933,0.6703703999519348
36db1b5b-87d6-493a-9b09-a8029b8e040f,2023-12-08_02:41,0.5596399903297424,0.728664219379425,0.6420431137084961,0.6962962746620178
36db1b5b-87d6-493a-9b09-a8029b8e040f,2023-12-08_02:41,0.5547277927398682,0.7277365326881409,0.6439592838287354,0.6740740537643433
36db1b5b-87d6-493a-9b09-a8029b8e040f,2023-12-08_02:41,0.5576909184455872,0.7328385710716248,0.8398922681808472,0.6703703999519348
36db1b5b-87d6-493a-9b09-a8029b8e040f,2023-12-08_02:41,0.5705145597457886,0.7370129823684692,0.6175712943077087,0.6870370507240295
36db1b5b-87d6-493a-9b09-a8029b8e040f,2023-12-08_02:41,0.5382245779037476,0.7453618049621582,0.7537808418273926,0.6851851940155029
36db1b5b-87d6-493a-9b09-a8029b8e040f,2023-12-08_02:41,0.5649170875549316,0.7217068672180176,0.7323824763298035,0.6796296238899231
36db1b5b-87d6-493a-9b09-a8029b8e040f,2023-12-08_02:41,0.5532956123352051,0.7314471006393433,0.7809495329856873,0.6925926208496094
36db1b5b-87d6-493a-9b09-a8029b8e040f,2023-12-08_02:41,0.5614754557609558,0.7221707105636597,0.7348353862762451,0.6592592597007751
36db1b5b-87d6-493a-9b09-a8029b8e040f,2023-12-08_02:41,0.5536354780197144,0.7351577281951904,0.8016411662101746,0.6740740537643433
36db1b5b-87d6-493a-9b09-a8029b8e040f,2023-12-08_02:41,0.542681872844696,0.7356215119361877,0.6341328024864197,0.6814814805984497
36db1b5b-87d6-493a-9b09-a8029b8e040f,2023-12-08_02:41,0.5356704592704773,0.7295918464660645,0.7658520936965942,0.6759259104728699
36db1b5b-87d6-493a-9b09-a8029b8e040f,2023-12-08_02:41,0.540564775466919,0.7421150207519531,0.6615142822265625,0.6740740537643433
36db1b5b-87d6-493a-9b09-a8029b8e040f,2023-12-08_02:41,0.5655874013900757,0.7430426478385925,0.7434976100921631,0.6703703999519348
36db1b5b-87d6-493a-9b09-a8029b8e040f,2023-12-08_02:41,0.5540238618850708,0.7462894320487976,0.6282581090927124,0.6888889074325562
36db1b5b-87d6-493a-9b09-a8029b8e040f,2023-12-08_02:41,0.5550434589385986,0.7402597665786743,0.7067559361457825,0.6759259104728699
36db1b5b-87d6-493a-9b09-a8029b8e040f,2023-12-08_02:41,0.5674425363540649,0.722634494304657,0.6332290172576904,0.6740740537643433
36db1b5b-87d6-493a-9b09-a8029b8e040f,2023-12-08_02:41,0.5541449785232544,0.7314471006393433,0.6279622912406921,0.6814814805984497
36db1b5b-87d6-493a-9b09-a8029b8e040f,2023-12-08_02:41,0.5622900128364563,0.7435064911842346,0.6956003904342651,0.6814814805984497
36db1b5b-87d6-493a-9b09-a8029b8e040f,2023-12-08_02:41,0.5811597108840942,0.7156772017478943,0.7148007154464722,0.6944444179534912
36db1b5b-87d6-493a-9b09-a8029b8e040f,2023-12-08_02:41,0.5485987067222595,0.7356215119361877,0.6453021764755249,0.6870370507240295
36db1b5b-87d6-493a-9b09-a8029b8e040f,2023-12-08_02:41,0.5592097640037537,0.7240259647369385,0.81212317943573,0.6481481194496155
36db1b5b-87d6-493a-9b09-a8029b8e040f,2023-12-08_02:41,0.5702150464057922,0.7295918464660645,0.6882590651512146,0.6611111164093018
36db1b5b-87d6-493a-9b09-a8029b8e040f,2023-12-08_02:41,0.554778516292572,0.7337662577629089,0.701961874961853,0.6499999761581421
36db1b5b-87d6-493a-9b09-a8029b8e040f,2023-12-08_02:41,0.5816501975059509,0.7161409854888916,0.7358168959617615,0.6555555462837219
36db1b5b-87d6-493a-9b09-a8029b8e040f,2023-12-08_02:41,0.5524482131004333,0.7458255887031555,0.7625358700752258,0.6574074029922485
36db1b5b-87d6-493a-9b09-a8029b8e040f,2023-12-08_02:41,0.553844153881073,0.7346938848495483,0.7150523066520691,0.664814829826355
36db1b5b-87d6-493a-9b09-a8029b8e040f,2023-12-08_02:41,0.5582692623138428,0.7365491390228271,0.6634150743484497,0.6888889074325562
36db1b5b-87d6-493a-9b09-a8029b8e040f,2023-12-08_02:41,0.560028076171875,0.7328385710716248,0.7424304485321045,0.6537036895751953
36db1b5b-87d6-493a-9b09-a8029b8e040f,2023-12-08_02:41,0.5421136021614075,0.7486085295677185,0.6482962965965271,0.6870370507240295
36db1b5b-87d6-493a-9b09-a8029b8e040f,2023-12-08_02:41,0.5494529008865356,0.7351577281951904,0.6452065110206604,0.6870370507240295
36db1b5b-87d6-493a-9b09-a8029b8e040f,2023-12-08_02:41,0.5786234140396118,0.7346938848495483,0.8036484718322754,0.6407407522201538
36db1b5b-87d6-493a-9b09-a8029b8e040f,2023-12-08_02:41,0.556434690952301,0.7323747873306274,0.6370596289634705,0.6759259104728699
36db1b5b-87d6-493a-9b09-a8029b8e040f,2023-12-08_02:41,0.555730938911438,0.7365491390228271,0.6553648114204407,0.6814814805984497
36db1b5b-87d6-493a-9b09-a8029b8e040f,2023-12-08_02:41,0.5539708733558655,0.7319109439849854,0.6839096546173096,0.6796296238899231
36db1b5b-87d6-493a-9b09-a8029b8e040f,2023-12-08_02:41,0.5797860622406006,0.7221707105636597,0.7354673743247986,0.6796296238899231
36db1b5b-87d6-493a-9b09-a8029b8e040f,2023-12-08_02:41,0.5549792051315308,0.7337662577629089,0.6613519191741943,0.6814814805984497
36db1b5b-87d6-493a-9b09-a8029b8e040f,2023-12-08_02:41,0.5551398396492004,0.7435064911842346,0.8250369429588318,0.6277777552604675
36db1b5b-87d6-493a-9b09-a8029b8e040f,2023-12-08_02:41,0.5730815529823303,0.7342300415039062,0.6802573204040527,0.6759259104728699
36db1b5b-87d6-493a-9b09-a8029b8e040f,2023-12-08_02:41,0.5535768866539001,0.7411873936653137,0.6672492623329163,0.6944444179534912
36db1b5b-87d6-493a-9b09-a8029b8e040f,2023-12-08_02:41,0.5814279913902283,0.719851553440094,0.7453227043151855,0.6722221970558167
36db1b5b-87d6-493a-9b09-a8029b8e040f,2023-12-08_02:41,0.5595100522041321,0.7370129823684692,0.739113450050354,0.6666666865348816
36db1b5b-87d6-493a-9b09-a8029b8e040f,2023-12-08_02:41,0.5504167079925537,0.7351577281951904,0.7217193841934204,0.6499999761581421
36db1b5b-87d6-493a-9b09-a8029b8e040f,2023-12-08_02:41,0.5843086838722229,0.7184600830078125,0.6647354364395142,0.6629629731178284
36db1b5b-87d6-493a-9b09-a8029b8e040f,2023-12-08_02:41,0.5792007446289062,0.730983316898346,0.8052226901054382,0.6703703999519348
36db1b5b-87d6-493a-9b09-a8029b8e040f,2023-12-08_02:41,0.5395873785018921,0.7513914704322815,0.7308236360549927,0.6666666865348816
36db1b5b-87d6-493a-9b09-a8029b8e040f,2023-12-08_02:41,0.5707356929779053,0.7244898080825806,0.6681241989135742,0.664814829826355
36db1b5b-87d6-493a-9b09-a8029b8e040f,2023-12-08_02:41,0.5781658887863159,0.7277365326881409,0.6392940878868103,0.6666666865348816
36db1b5b-87d6-493a-9b09-a8029b8e040f,2023-12-08_02:41,0.5547646284103394,0.7379406094551086,0.6187934279441833,0.6907407641410828
36db1b5b-87d6-493a-9b09-a8029b8e040f,2023-12-08_02:41,0.560594379901886,0.7337662577629089,0.675983190536499,0.6759259104728699
36db1b5b-87d6-493a-9b09-a8029b8e040f,2023-12-08_02:41,0.5519877076148987,0.7374768257141113,0.686323344707489,0.6685185432434082
36db1b5b-87d6-493a-9b09-a8029b8e040f,2023-12-08_02:41,0.5644765496253967,0.7319109439849854,0.6944447755813599,0.6592592597007751
36db1b5b-87d6-493a-9b09-a8029b8e040f,2023-12-08_02:41,0.5543839931488037,0.7407235503196716,0.6986363530158997,0.6833333373069763
36db1b5b-87d6-493a-9b09-a8029b8e040f,2023-12-08_02:41,0.5571866035461426,0.7435064911842346,0.8353214859962463,0.6685185432434082
36db1b5b-87d6-493a-9b09-a8029b8e040f,2023-12-08_02:41,0.5733861923217773,0.7263450622558594,0.6985179781913757,0.6518518328666687
36db1b5b-87d6-493a-9b09-a8029b8e040f,2023-12-08_02:41,0.5649541020393372,0.7249535918235779,0.8192383646965027,0.6407407522201538
36db1b5b-87d6-493a-9b09-a8029b8e040f,2023-12-08_02:41,0.5561614632606506,0.7425788640975952,0.6734410524368286,0.6685185432434082
36db1b5b-87d6-493a-9b09-a8029b8e040f,2023-12-08_02:41,0.5547211170196533,0.7384044528007507,0.6533815264701843,0.6851851940155029
36db1b5b-87d6-493a-9b09-a8029b8e040f,2023-12-08_02:41,0.6012508869171143,0.7268089056015015,0.6725821495056152,0.6666666865348816
36db1b5b-87d6-493a-9b09-a8029b8e040f,2023-12-08_02:41,0.5447174906730652,0.7425788640975952,0.7114097476005554,0.6462963223457336
36db1b5b-87d6-493a-9b09-a8029b8e040f,2023-12-08_02:41,0.5561957359313965,0.7291280031204224,0.7013722658157349,0.6425926089286804
36db1b5b-87d6-493a-9b09-a8029b8e040f,2023-12-08_02:41,0.5988528728485107,0.7147495150566101,0.6812466979026794,0.6851851940155029
36db1b5b-87d6-493a-9b09-a8029b8e040f,2023-12-08_02:41,0.5523797869682312,0.7402597665786743,0.7096009850502014,0.6499999761581421
36db1b5b-87d6-493a-9b09-a8029b8e040f,2023-12-08_02:41,0.5748949646949768,0.7346938848495483,0.6312403082847595,0.6907407641410828
36db1b5b-87d6-493a-9b09-a8029b8e040f,2023-12-08_02:41,0.5854712724685669,0.7356215119361877,0.7382807731628418,0.6888889074325562
36db1b5b-87d6-493a-9b09-a8029b8e040f,2023-12-08_02:41,0.5857069492340088,0.7263450622558594,0.6986709833145142,0.6703703999519348
36db1b5b-87d6-493a-9b09-a8029b8e040f,2023-12-08_02:41,0.5627909898757935,0.7430426478385925,0.7751176953315735,0.6814814805984497
36db1b5b-87d6-493a-9b09-a8029b8e040f,2023-12-08_02:41,0.5620189309120178,0.728200376033783,0.7045383453369141,0.6722221970558167
36db1b5b-87d6-493a-9b09-a8029b8e040f,2023-12-08_02:41,0.5533788800239563,0.7356215119361877,0.7547116875648499,0.6851851940155029
36db1b5b-87d6-493a-9b09-a8029b8e040f,2023-12-08_02:41,0.5789816379547119,0.7258812785148621,0.6545528769493103,0.6814814805984497
36db1b5b-87d6-493a-9b09-a8029b8e040f,2023-12-08_02:41,0.5278347730636597,0.7564935088157654,0.7209027409553528,0.6703703999519348
36db1b5b-87d6-493a-9b09-a8029b8e040f,2023-12-08_02:41,0.5711951851844788,0.7258812785148621,0.7500193119049072,0.6611111164093018
36db1b5b-87d6-493a-9b09-a8029b8e040f,2023-12-08_02:41,0.5673568248748779,0.7435064911842346,0.6970734000205994,0.644444465637207
36db1b5b-87d6-493a-9b09-a8029b8e040f,2023-12-08_02:41,0.5352199673652649,0.7462894320487976,0.7083780169487,0.6555555462837219
36db1b5b-87d6-493a-9b09-a8029b8e040f,2023-12-08_02:41,0.5638881921768188,0.744434118270874,0.611933708190918,0.6962962746620178
36db1b5b-87d6-493a-9b09-a8029b8e040f,2023-12-08_02:41,0.5643297433853149,0.7342300415039062,0.6646197438240051,0.6777777671813965
36db1b5b-87d6-493a-9b09-a8029b8e040f,2023-12-08_02:41,0.541386604309082,0.7435064911842346,0.7646605372428894,0.6703703999519348
36db1b5b-87d6-493a-9b09-a8029b8e040f,2023-12-08_02:41,0.5661848783493042,0.7337662577629089,1.0151418447494507,0.6537036895751953
36db1b5b-87d6-493a-9b09-a8029b8e040f,2023-12-08_02:41,0.5530872344970703,0.7509276270866394,0.7311545610427856,0.6740740537643433
36db1b5b-87d6-493a-9b09-a8029b8e040f,2023-12-08_02:41,0.5326054096221924,0.755565881729126,0.7561356425285339,0.6944444179534912
36db1b5b-87d6-493a-9b09-a8029b8e040f,2023-12-08_02:41,0.5932914018630981,0.72541743516922,0.6973040699958801,0.6833333373069763
36db1b5b-87d6-493a-9b09-a8029b8e040f,2023-12-08_02:41,0.5462228655815125,0.7435064911842346,0.717732310295105,0.6870370507240295
36db1b5b-87d6-493a-9b09-a8029b8e040f,2023-12-08_02:41,0.5524352192878723,0.7439703345298767,0.7502254843711853,0.6611111164093018
36db1b5b-87d6-493a-9b09-a8029b8e040f,2023-12-08_02:41,0.5875653624534607,0.7235621809959412,0.72687828540802,0.6592592597007751
36db1b5b-87d6-493a-9b09-a8029b8e040f,2023-12-08_02:41,0.5611124038696289,0.730983316898346,0.646698534488678,0.6870370507240295
36db1b5b-87d6-493a-9b09-a8029b8e040f,2023-12-08_02:41,0.5818371176719666,0.719851553440094,0.6654843091964722,0.6685185432434082
36db1b5b-87d6-493a-9b09-a8029b8e040f,2023-12-08_02:41,0.5477566719055176,0.7462894320487976,0.7320432066917419,0.6611111164093018
36db1b5b-87d6-493a-9b09-a8029b8e040f,2023-12-08_02:41,0.5582234263420105,0.7319109439849854,0.6472935676574707,0.664814829826355
36db1b5b-87d6-493a-9b09-a8029b8e040f,2023-12-08_02:41,0.6112774610519409,0.7091836929321289,0.7387328743934631,0.644444465637207
36db1b5b-87d6-493a-9b09-a8029b8e040f,2023-12-08_02:41,0.55694580078125,0.7346938848495483,0.6692488789558411,0.6796296238899231
36db1b5b-87d6-493a-9b09-a8029b8e040f,2023-12-08_02:41,0.5653696060180664,0.7346938848495483,0.6359491348266602,0.6962962746620178
36db1b5b-87d6-493a-9b09-a8029b8e040f,2023-12-08_02:41,0.5556929111480713,0.7300556302070618,0.7017027139663696,0.6555555462837219
36db1b5b-87d6-493a-9b09-a8029b8e040f,2023-12-08_02:41,0.5493029356002808,0.7458255887031555,0.6742300391197205,0.6740740537643433
36db1b5b-87d6-493a-9b09-a8029b8e040f,2023-12-08_02:41,0.5557381510734558,0.7374768257141113,0.646944522857666,0.6833333373069763
36db1b5b-87d6-493a-9b09-a8029b8e040f,2023-12-08_02:41,0.5684897899627686,0.730983316898346,0.7759369611740112,0.6722221970558167
36db1b5b-87d6-493a-9b09-a8029b8e040f,2023-12-08_02:41,0.5734164714813232,0.7402597665786743,0.6838303804397583,0.6703703999519348
36db1b5b-87d6-493a-9b09-a8029b8e040f,2023-12-08_02:41,0.5489583015441895,0.7370129823684692,0.6822729110717773,0.6722221970558167
36db1b5b-87d6-493a-9b09-a8029b8e040f,2023-12-08_02:41,0.5506515502929688,0.7448979616165161,0.6688501238822937,0.6888889074325562
36db1b5b-87d6-493a-9b09-a8029b8e040f,2023-12-08_02:41,0.5429027080535889,0.7462894320487976,0.8149660229682922,0.6481481194496155
36db1b5b-87d6-493a-9b09-a8029b8e040f,2023-12-08_02:41,0.5499982237815857,0.7388682961463928,0.8900958895683289,0.6277777552604675
36db1b5b-87d6-493a-9b09-a8029b8e040f,2023-12-08_02:41,0.5420003533363342,0.747217059135437,0.6626055836677551,0.6833333373069763
36db1b5b-87d6-493a-9b09-a8029b8e040f,2023-12-08_02:41,0.5535646677017212,0.7346938848495483,0.6989901065826416,0.6703703999519348
36db1b5b-87d6-493a-9b09-a8029b8e040f,2023-12-08_02:41,0.5582314729690552,0.7462894320487976,0.6890544295310974,0.6759259104728699
36db1b5b-87d6-493a-9b09-a8029b8e040f,2023-12-08_02:41,0.5477492809295654,0.7407235503196716,0.7149998545646667,0.6814814805984497
36db1b5b-87d6-493a-9b09-a8029b8e040f,2023-12-08_02:41,0.5499292016029358,0.7495361566543579,0.7215442657470703,0.6685185432434082
36db1b5b-87d6-493a-9b09-a8029b8e040f,2023-12-08_02:41,0.5734846591949463,0.7407235503196716,0.7361829280853271,0.6333333253860474
36db1b5b-87d6-493a-9b09-a8029b8e040f,2023-12-08_02:41,0.5832750201225281,0.7305194735527039,0.7090440988540649,0.664814829826355
36db1b5b-87d6-493a-9b09-a8029b8e040f,2023-12-08_02:41,0.5591748952865601,0.7370129823684692,0.6723386645317078,0.6833333373069763
36db1b5b-87d6-493a-9b09-a8029b8e040f,2023-12-08_02:41,0.5499011874198914,0.75,0.7047755718231201,0.6574074029922485
36db1b5b-87d6-493a-9b09-a8029b8e040f,2023-12-08_02:41,0.5410826206207275,0.7397959232330322,0.689501941204071,0.6833333373069763
36db1b5b-87d6-493a-9b09-a8029b8e040f,2023-12-08_02:41,0.5867140889167786,0.7337662577629089,0.7080202102661133,0.6740740537643433
36db1b5b-87d6-493a-9b09-a8029b8e040f,2023-12-08_02:41,0.5515220761299133,0.7402597665786743,0.681827962398529,0.6759259104728699
36db1b5b-87d6-493a-9b09-a8029b8e040f,2023-12-08_02:41,0.542117178440094,0.7379406094551086,0.7877475619316101,0.6296296119689941
36db1b5b-87d6-493a-9b09-a8029b8e040f,2023-12-08_02:41,0.5823636651039124,0.7346938848495483,0.7529554963111877,0.6722221970558167
36db1b5b-87d6-493a-9b09-a8029b8e040f,2023-12-08_02:41,0.565663754940033,0.741651177406311,0.618222713470459,0.6814814805984497
36db1b5b-87d6-493a-9b09-a8029b8e040f,2023-12-08_02:41,0.5474228858947754,0.7467532753944397,0.6436096429824829,0.6833333373069763
36db1b5b-87d6-493a-9b09-a8029b8e040f,2023-12-08_02:41,0.5476098656654358,0.7435064911842346,0.669499933719635,0.6740740537643433
36db1b5b-87d6-493a-9b09-a8029b8e040f,2023-12-08_02:41,0.5923381447792053,0.7448979616165161,0.8189395070075989,0.6796296238899231
36db1b5b-87d6-493a-9b09-a8029b8e040f,2023-12-08_02:41,0.543768584728241,0.7346938848495483,0.7819705009460449,0.6666666865348816
36db1b5b-87d6-493a-9b09-a8029b8e040f,2023-12-08_02:41,0.5363085865974426,0.7537105679512024,0.8443261384963989,0.614814817905426
36db1b5b-87d6-493a-9b09-a8029b8e040f,2023-12-08_02:41,0.5643623471260071,0.7346938848495483,0.7529346942901611,0.6592592597007751
36db1b5b-87d6-493a-9b09-a8029b8e040f,2023-12-08_02:41,0.5796366930007935,0.7272727489471436,0.7310966849327087,0.644444465637207
36db1b5b-87d6-493a-9b09-a8029b8e040f,2023-12-08_02:41,0.5744258761405945,0.7458255887031555,0.733923077583313,0.6629629731178284
36db1b5b-87d6-493a-9b09-a8029b8e040f,2023-12-08_02:41,0.5608716607093811,0.7351577281951904,0.7027425169944763,0.6962962746620178
36db1b5b-87d6-493a-9b09-a8029b8e040f,2023-12-08_02:41,0.6081076264381409,0.7235621809959412,0.6625216007232666,0.6962962746620178
36db1b5b-87d6-493a-9b09-a8029b8e040f,2023-12-08_02:41,0.5474985837936401,0.7370129823684692,0.7858065962791443,0.6499999761581421
36db1b5b-87d6-493a-9b09-a8029b8e040f,2023-12-08_02:41,0.5532510876655579,0.728200376033783,0.6870966553688049,0.6777777671813965
36db1b5b-87d6-493a-9b09-a8029b8e040f,2023-12-08_02:41,0.5595681667327881,0.7379406094551086,0.6812403202056885,0.6740740537643433
36db1b5b-87d6-493a-9b09-a8029b8e040f,2023-12-08_02:41,0.5781938433647156,0.7328385710716248,0.6813980937004089,0.6981481313705444
36db1b5b-87d6-493a-9b09-a8029b8e040f,2023-12-08_02:41,0.5619503259658813,0.7458255887031555,0.7803065180778503,0.6388888955116272
36db1b5b-87d6-493a-9b09-a8029b8e040f,2023-12-08_02:41,0.5414515733718872,0.7439703345298767,0.7368969321250916,0.6851851940155029
36db1b5b-87d6-493a-9b09-a8029b8e040f,2023-12-08_02:41,0.5374791026115417,0.7509276270866394,1.034777045249939,0.6425926089286804
36db1b5b-87d6-493a-9b09-a8029b8e040f,2023-12-08_02:41,0.5727872252464294,0.7342300415039062,0.6448708772659302,0.6740740537643433
36db1b5b-87d6-493a-9b09-a8029b8e040f,2023-12-08_02:41,0.5920121669769287,0.7268089056015015,0.6466425657272339,0.6740740537643433
36db1b5b-87d6-493a-9b09-a8029b8e040f,2023-12-08_02:41,0.5537393689155579,0.7476809024810791,0.6629889011383057,0.6685185432434082
36db1b5b-87d6-493a-9b09-a8029b8e040f,2023-12-08_02:41,0.526854932308197,0.7435064911842346,0.6397244930267334,0.6907407641410828
36db1b5b-87d6-493a-9b09-a8029b8e040f,2023-12-08_02:41,0.5661607384681702,0.7333024144172668,0.7880740165710449,0.6370370388031006
36db1b5b-87d6-493a-9b09-a8029b8e040f,2023-12-08_02:41,0.5734765529632568,0.7360853552818298,0.6625701189041138,0.6888889074325562
36db1b5b-87d6-493a-9b09-a8029b8e040f,2023-12-08_02:41,0.5698676705360413,0.7458255887031555,0.6672220826148987,0.6703703999519348
36db1b5b-87d6-493a-9b09-a8029b8e040f,2023-12-08_02:41,0.5379840731620789,0.7453618049621582,0.8383597731590271,0.6722221970558167
36db1b5b-87d6-493a-9b09-a8029b8e040f,2023-12-08_02:41,0.5384425520896912,0.7518553137779236,0.8260698914527893,0.6333333253860474
36db1b5b-87d6-493a-9b09-a8029b8e040f,2023-12-08_02:41,0.5593957304954529,0.7421150207519531,0.7138878703117371,0.6703703999519348
36db1b5b-87d6-493a-9b09-a8029b8e040f,2023-12-08_02:41,0.5259780287742615,0.752782940864563,0.8175479769706726,0.6870370507240295
36db1b5b-87d6-493a-9b09-a8029b8e040f,2023-12-08_02:41,0.5875509977340698,0.7351577281951904,0.6959784626960754,0.6833333373069763
36db1b5b-87d6-493a-9b09-a8029b8e040f,2023-12-08_02:41,0.5783997178077698,0.7458255887031555,0.7106596231460571,0.7018518447875977
36db1b5b-87d6-493a-9b09-a8029b8e040f,2023-12-08_02:41,0.5756633281707764,0.7379406094551086,0.6978195309638977,0.6814814805984497
36db1b5b-87d6-493a-9b09-a8029b8e040f,2023-12-08_02:41,0.5723488330841064,0.7425788640975952,0.6579428911209106,0.6851851940155029
36db1b5b-87d6-493a-9b09-a8029b8e040f,2023-12-08_02:41,0.5840760469436646,0.7384044528007507,0.7957075834274292,0.6796296238899231
36db1b5b-87d6-493a-9b09-a8029b8e040f,2023-12-08_02:41,0.5725269913673401,0.7351577281951904,0.6786474585533142,0.664814829826355
36db1b5b-87d6-493a-9b09-a8029b8e040f,2023-12-08_02:41,0.5476383566856384,0.747217059135437,0.6850387454032898,0.6796296238899231
769ab535-85c9-43b4-9f12-c7e8dd7c204a,2024-02-16_19:54,0.7576741576194763,0.5444079041481018,0.6553694009780884,0.609375
769ab535-85c9-43b4-9f12-c7e8dd7c204a,2024-02-16_19:54,0.6753692030906677,0.6373355388641357,0.6757709383964539,0.578125
769ab535-85c9-43b4-9f12-c7e8dd7c204a,2024-02-16_19:54,0.6482885479927063,0.6348684430122375,0.661071240901947,0.6328125
769ab535-85c9-43b4-9f12-c7e8dd7c204a,2024-02-16_19:54,0.6510559320449829,0.6381579041481018,0.6249204874038696,0.671875
769ab535-85c9-43b4-9f12-c7e8dd7c204a,2024-02-16_19:54,0.622109591960907,0.6603618264198303,0.6489540338516235,0.66015625
769ab535-85c9-43b4-9f12-c7e8dd7c204a,2024-02-16_19:54,0.6127923727035522,0.6751644611358643,0.5992498993873596,0.68359375
769ab535-85c9-43b4-9f12-c7e8dd7c204a,2024-02-16_19:54,0.6114087700843811,0.6636512875556946,0.6248343586921692,0.63671875
769ab535-85c9-43b4-9f12-c7e8dd7c204a,2024-02-16_19:54,0.5979674458503723,0.6957237124443054,0.6033416986465454,0.65625
769ab535-85c9-43b4-9f12-c7e8dd7c204a,2024-02-16_19:54,0.6071215271949768,0.6570723652839661,0.5867471694946289,0.70703125
769ab535-85c9-43b4-9f12-c7e8dd7c204a,2024-02-16_19:54,0.594668984413147,0.6883223652839661,0.5974987745285034,0.703125
769ab535-85c9-43b4-9f12-c7e8dd7c204a,2024-02-16_19:54,0.5802410244941711,0.7088815569877625,0.6021151542663574,0.7109375
769ab535-85c9-43b4-9f12-c7e8dd7c204a,2024-02-16_19:54,0.6154402494430542,0.6784539222717285,0.5784715414047241,0.703125
769ab535-85c9-43b4-9f12-c7e8dd7c204a,2024-02-16_19:54,0.5828408598899841,0.6842105388641357,0.5457750558853149,0.73828125
769ab535-85c9-43b4-9f12-c7e8dd7c204a,2024-02-16_19:54,0.5976278185844421,0.6817434430122375,0.6004098653793335,0.66796875
769ab535-85c9-43b4-9f12-c7e8dd7c204a,2024-02-16_19:54,0.5937283635139465,0.6776315569877625,0.6223642826080322,0.70703125
769ab535-85c9-43b4-9f12-c7e8dd7c204a,2024-02-16_19:54,0.5827631950378418,0.6916118264198303,0.5645715594291687,0.7421875
769ab535-85c9-43b4-9f12-c7e8dd7c204a,2024-02-16_19:54,0.5734137296676636,0.7072368264198303,0.6325486898422241,0.66015625
769ab535-85c9-43b4-9f12-c7e8dd7c204a,2024-02-16_19:54,0.5711049437522888,0.6973684430122375,0.5956516861915588,0.6484375
769ab535-85c9-43b4-9f12-c7e8dd7c204a,2024-02-16_19:54,0.5851187109947205,0.6949012875556946,0.5709574222564697,0.7109375
769ab535-85c9-43b4-9f12-c7e8dd7c204a,2024-02-16_19:54,0.585887610912323,0.6825658082962036,0.5989603996276855,0.69921875
